month,actual_admissions,seasonal_baseline,model_forecast
2024-09-01,530824,521228.0,534856.5
2024-10-01,567448,546871.0,544294.3
2024-11-01,552161,544643.0,552988.2
2024-12-01,552592,546143.0,556135.9
2025-01-01,548775,556254.0,546861.7
2025-02-01,496095,527343.0,549690.2
2025-03-01,551129,567456.0,503241.6
2025-04-01,528230,544113.0,528729.4
2025-05-01,545128,564693.0,539344.4
2025-06-01,535941,536884.0,549251.3
2025-07-01,559392,552468.0,545504.1
2025-08-01,526399,525633.0,547914.5
2025-09-01,535580,530824.0,543540.6
2025-10-01,553499,567448.0,543706.4
2025-11-01,531747,552161.0,547790.7
2025-12-01,542188,552592.0,545629.6
2026-01-01,546136,548775.0,552228.7
2026-02-01,493015,496095.0,527836.9
2026-03-01,553892,551129.0,502959.5
2026-04-01,525660,528230.0,531730.8
2026-05-01,533280,545128.0,535099.0
2026-06-01,534753,535941.0,545035.5
2026-07-01,547828,559392.0,542627.9
2026-08-01,517868,526399.0,547494.3
