month,total_attendances,type1_attendances,type2_attendances,type3_attendances,type1_admissions,type2_admissions,type3_admissions,ae_admissions,other_emergency_admissions,total_emergency_admissions,dta_wait_over_4h,dta_wait_over_12h,month_number,year,admissions_yoy_pct,attendances_yoy_pct
2016-02-01,1870776,1218372,48387,604017,333519,1047,3784,338350,124514,462864,50066,188,2,2016,,
2016-03-01,2087553,1350373,49906,687274,357724,1125,4466,363315,130761,494076,53640,349,3,2016,,
2016-04-01,1867781,1214057,50359,603365,333458,1079,3676,338213,121996,460209,38632,196,4,2016,,
2016-05-01,2070340,1353206,52180,664954,359307,1108,3965,364380,128811,493191,38203,107,5,2016,,
2016-06-01,1958802,1282499,52180,624123,346030,1087,3843,350960,129250,480210,35300,84,6,2016,,
2016-07-01,2079034,1353477,52961,672596,356986,1100,3693,361779,128442,490221,37466,113,7,2016,,
2016-08-01,1932901,1254439,52404,626058,342617,1186,3882,347685,122869,470554,34253,57,8,2016,,
2016-09-01,1952464,1277578,52521,622365,345085,1226,3841,350152,125656,475808,35694,86,9,2016,,
2016-10-01,2001816,1317571,51020,633225,357874,1160,4275,363309,129674,492983,48816,252,10,2016,,
2016-11-01,1907871,1258205,49979,599687,351285,1166,4095,356546,132780,489326,52988,457,11,2016,,
2016-12-01,1944567,1277133,45569,621865,366086,1078,3384,370548,127367,497915,61729,553,12,2016,,
2017-01-01,1895272,1237177,48039,610056,358045,1186,3709,362940,129333,492273,79551,989,1,2017,,
2017-02-01,1735619,1127909,45733,561977,322294,1029,3338,326661,121027,447688,54491,338,2,2017,-3.2787168585156734,-7.224649022651564
2017-03-01,2015834,1309507,53355,652972,365117,1165,3821,370103,139702,509805,42970,270,3,2017,3.1835183251159638,-3.4355534925340825
2017-04-01,1949762,1253743,47550,648469,347805,1124,3636,352565,118763,471328,33923,143,4,2017,2.4160761740861236,4.389219078682127
2017-05-01,2066789,1347297,51037,668455,369644,1186,3640,374470,131373,505843,40296,115,5,2017,2.565334728330404,-0.17151772172686597
2017-06-01,1994056,1296877,50612,646567,356052,1243,3898,361193,130013,491206,34476,55,6,2017,2.289831532038056,1.7997735350484545
2017-07-01,2073944,1348648,50369,674927,365685,1164,3658,370507,128752,499259,37258,74,7,2017,1.8436582684136393,-0.2448252409532503
2017-08-01,1924663,1256655,47912,620096,356405,1176,3404,360985,125089,486074,37164,50,8,2017,3.2982399469561496,-0.4261987551354207
2017-09-01,1925961,1263957,47250,614754,356160,1177,3661,360998,125801,486799,42157,77,9,2017,2.3099653641805107,-1.3574129919937117
2017-10-01,2044137,1325211,50198,668728,373673,1204,3934,378811,134406,513217,45500,57,10,2017,4.104401165963134,2.1141303696243785
2017-11-01,1976971,1281913,48223,646835,372551,1243,3876,377670,135349,513019,48623,107,11,2017,4.841966296497624,3.62183816411068
2017-12-01,2003954,1289587,42158,672209,387919,1150,4467,393536,127267,520803,69086,517,12,2017,4.596768524748196,3.053996082418342
2018-01-01,2000086,1257026,49987,693073,383879,1214,4634,389727,136318,526045,81231,1054,1,2018,6.860420945288492,5.530288000877981
2018-02-01,1820012,1151757,41902,626353,347470,1087,4145,352702,124165,476867,68712,369,2,2018,6.517708761458874,4.862415080729132
2018-03-01,2049785,1299796,46655,703334,385196,1283,4523,391002,135064,526066,76233,853,3,2018,3.189650944969147,1.6842160614415569
2018-04-01,1984369,1246348,47256,690765,370142,1418,4290,375850,127543,503393,48004,356,4,2018,6.803117998506347,1.7749345817592133
2018-05-01,2164458,1354711,49219,760528,392433,1508,4762,398703,134754,533457,39236,106,5,2018,5.45900605523848,4.725639627460754
2018-06-01,2093942,1306739,49635,737568,376782,1646,4506,382934,130320,513254,33750,99,6,2018,4.488544521035975,5.009187304669482
2018-07-01,2179896,1365859,49846,764191,390294,1523,4908,396725,133207,529932,42823,149,7,2018,6.1437049707666835,5.108720389750165
2018-08-01,1997854,1252767,49117,695970,382863,1508,4703,389074,128225,517299,40214,162,8,2018,6.423918991758448,3.80279560629575
2018-09-01,2005695,1269088,47622,688985,379951,1389,4635,385975,124347,510322,44582,154,9,2018,4.832179195109276,4.139959220358036
2018-10-01,2079492,1320032,51282,708178,398478,1703,4913,405094,140928,546022,49014,214,10,2018,6.392032999686292,1.7295807472786695
2018-11-01,2037847,1305353,48465,684029,397128,1698,4690,403516,141841,545357,54373,259,11,2018,6.303470241842901,3.0792560942978
2018-12-01,2047518,1307359,43072,697087,407286,1565,4781,413632,131271,544903,59805,284,12,2018,4.627469503823911,2.173902195359778
2019-01-01,2113413,1344354,47616,721443,414698,1680,5095,421473,142562,564035,83554,627,1,2019,7.221815624138617,5.666106357426637
2019-02-01,1954947,1234328,44183,676436,370476,1645,5381,377502,128220,505722,70815,521,2,2019,6.050953410489712,7.413962105744365
2019-03-01,2167551,1373061,50490,744000,409617,1730,4617,415964,139493,555457,59510,331,3,2019,5.586941562465553,5.745285481160223
2019-04-01,2112165,1330825,49281,732059,398802,1787,4850,405439,129787,535226,66933,442,4,2019,6.32368745691736,6.440132858354475
2019-05-01,2172006,1369332,50642,752032,406065,2145,4631,412841,134541,547382,61507,416,5,2019,2.6103322292143405,0.34872471537910066
2019-06-01,2107987,1334137,49233,724617,392446,1528,4696,398670,130131,528801,57671,462,6,2019,3.0291044979678716,0.6707444618809788
2019-07-01,2265050,1415918,52418,796714,408752,1840,5101,415693,138376,554069,58532,452,7,2019,4.554735324532211,3.906333146168439
2019-08-01,2125435,1324070,48786,752579,393710,1366,4877,399953,129278,529231,56498,371,8,2019,2.3065963784967725,6.385902072924243
2019-09-01,2123345,1342510,48217,732618,391228,1363,7133,399724,130179,529903,64924,458,9,2019,3.836989195057239,5.865797142636353
2019-10-01,2170885,1376347,50391,744147,412649,1810,6647,421106,142027,563133,80091,725,10,2019,3.1337565153052527,4.394967617091106
2019-11-01,2143505,1366383,47179,729943,408116,1736,6607,416459,143097,559556,88922,1111,11,2019,2.603615613258836,5.184785707661077
2019-12-01,2180537,1373654,43458,763425,416017,3570,5047,424634,136161,560795,98461,2356,12,2019,2.9164823831030473,6.496597343710775
2020-01-01,2114709,1327234,49597,737878,408501,1729,6311,416541,142517,559058,100579,2847,1,2020,-0.8823920501387361,0.06132260944737844
2020-02-01,1969691,1237255,45124,687312,374612,3231,4434,382277,128534,510811,78646,1621,2,2020,1.006284084932041,0.7541892440050768
2020-03-01,1531801,1013021,32747,486033,319392,1394,5047,325833,102135,427968,51790,1174,3,2020,-22.95209170106777,-29.330336402695945
2020-04-01,916575,689720,19726,207129,252680,960,4288,257928,68653,326581,15720,251,4,2020,-38.9825980053286,-56.60495273806734
2020-05-01,1261837,924218,26479,311140,308798,1165,2756,312719,85687,398406,13457,93,5,2020,-27.216094062281915,-41.9045343336989
2020-06-01,1410602,1016132,30894,363576,332910,1344,3455,337709,99892,437601,17881,159,6,2020,-17.246563452035836,-33.08298390834479
2020-07-01,1588286,1120421,32759,435106,358671,1340,3372,363383,109843,473226,21025,271,7,2020,-14.590782014514437,-29.878545727467387
2020-08-01,1719003,1179019,32231,507753,365503,1217,3488,370208,104017,474225,32159,335,8,2020,-10.393571049314954,-19.12229731796079
2020-09-01,1693880,1163948,33295,496637,365705,1208,3682,370595,109260,479855,44996,346,9,2020,-9.444747434907896,-20.225870030541437
2020-10-01,1599347,1111958,33012,454377,367175,1270,3514,371959,109887,481846,66794,1268,10,2020,-14.43477828505877,-26.327419462569413
2020-11-01,1485176,1036350,31872,416954,343989,1155,3533,348677,105239,453916,71041,2148,11,2020,-18.87925426588224,-30.712734516597816
2020-12-01,1474674,1039474,29838,405362,351824,1146,3535,356505,103755,460260,89927,3745,12,2020,-17.927228309810182,-32.371062724457325
2021-01-01,1310806,941194,25744,343868,343534,1085,3426,348045,97555,445600,95695,3825,1,2021,-20.294495383305488,-38.014828517777154
2021-02-01,1278091,903771,27972,346348,318460,1101,3485,323046,99378,422424,57152,1021,2,2021,-17.303268723657084,-35.11210641669176
2021-03-01,1691282,1161079,35656,494547,375926,1391,5605,382922,121004,503926,50972,688,3,2021,17.748523254075078,10.41133933193672
2021-04-01,1866232,1259266,35363,571603,385748,1261,5267,392276,117986,510262,48719,526,4,2021,56.24362715528459,103.60930638518396
2021-05-01,2075542,1396116,38747,640679,411470,1403,5593,418466,125499,543965,57308,695,5,2021,36.53534334322275,64.4857457817452
2021-06-01,2157132,1436111,39162,681859,401052,1444,5423,407919,127483,535402,66621,1289,6,2021,22.349354777525644,52.92279466497283
2021-07-01,2160128,1430733,39313,690082,402085,1323,7160,410568,122144,532712,89762,2208,7,2021,12.570315240498186,36.003717214657804
2021-08-01,2035967,1341757,39864,654346,381911,1325,5555,388791,115095,503886,96008,2787,8,2021,6.254625968685756,18.43882762275575
2021-09-01,2127204,1392405,40503,694296,379118,1296,5309,385723,121363,507086,104873,5024,9,2021,5.674839274364141,25.58174132760289
2021-10-01,2164802,1419010,39701,706091,389169,1176,5363,395708,121475,517183,121250,7058,10,2021,7.333670923905156,35.35536690911978
2021-11-01,2037955,1336830,39025,662100,374964,1246,5298,381508,124734,506242,120744,10646,11,2021,11.527683536160872,37.21976385290362
2021-12-01,1874642,1250568,34913,589161,370950,1881,7133,379964,119091,499055,120131,12859,12,2021,8.428931473514979,27.122469101645507
2022-01-01,1875202,1247417,36557,591228,358968,1204,5320,365492,119460,484952,122433,16564,1,2022,8.831238779174155,43.05717245725149
2022-02-01,1825363,1205820,37970,581573,334835,1087,5275,341197,118755,459952,114908,16402,2,2022,8.883964926235244,42.81948624941416
2022-03-01,2174798,1421526,41910,711362,374562,1258,5728,381548,132707,514255,136298,22506,3,2022,2.049705710759109,28.58872736776008
2022-04-01,2028796,1312380,37898,678518,352982,1156,5793,359931,119848,479779,131604,24179,4,2022,-5.973989832674198,8.710814089566576
2022-05-01,2233053,1437421,41874,753758,377496,1276,6015,384787,132924,517711,125318,19657,5,2022,-4.826413464101553,7.588909306581115
2022-06-01,2191691,1400664,40910,750117,366684,1265,5979,373928,129120,503048,130357,22017,6,2022,-6.042935962136864,1.602080911135717
2022-07-01,2181655,1397083,39632,744940,362027,1198,6144,369369,127730,497099,135819,29139,7,2022,-6.68522578804307,0.9965613148850361
2022-08-01,1995679,1299083,40802,655794,350562,1307,5219,357088,124921,482009,130148,28690,8,2022,-4.341656644558489,-1.9788139984587172
2022-09-01,2008489,1301611,40188,666690,353779,1325,5653,360757,126720,487477,131572,32762,9,2022,-3.8669969196546528,-5.580799960887628
2022-10-01,2188028,1399185,41440,747403,367028,1411,6302,374741,132106,506847,150786,43793,10,2022,-1.9985188994997904,1.0728925786284371
2022-11-01,2178804,1395183,42644,740977,368997,1558,6271,376826,138699,515525,143672,37853,11,2022,1.8337079894595876,6.911290975512219
2022-12-01,2294079,1437681,36592,819806,378202,1359,6171,385732,131712,517444,170121,54573,12,2022,3.6847642043462248,22.374245322573593
2023-01-01,1968338,1243898,42076,682364,364353,1464,5386,371203,137576,508779,142210,42767,1,2023,4.91326976690476,4.9667182522203035
2023-02-01,1914279,1206386,41717,666176,339726,1403,4993,346122,126734,472856,126947,34975,2,2023,2.8055101401885496,4.871140699137655
2023-03-01,2165951,1372403,46803,746745,381708,1461,5198,388367,143724,532091,144308,39687,3,2023,3.4683182467841744,-0.4067964013209524
2023-04-01,2034040,1271145,42632,720263,363625,1340,5150,370115,120358,490473,113083,26492,4,2023,2.228942909131071,0.25847842759942896
2023-05-01,2245919,1400815,45826,799278,388202,1338,5548,395088,133847,528935,122427,31498,5,2023,2.1680049293911097,0.5761618734530627
2023-06-01,2225726,1389009,46196,790521,381815,1403,4754,387972,134751,522723,113791,26488,6,2023,3.9111575833717716,1.5529105152140454
2023-07-01,2199787,1379854,45513,774420,391312,1383,7719,400414,134268,534682,108240,23396,7,2023,7.560465822703333,0.8311121602636584
2023-08-01,2109861,1323647,43923,742291,384233,1403,4206,389842,134039,523881,118962,27710,8,2023,8.686974724538343,5.721461216959245
2023-09-01,2170046,1369045,42631,758370,383234,1325,4372,388931,132297,521228,124956,32228,9,2023,6.923608703590123,8.043708479359356
2023-10-01,2224320,1413597,44769,765954,401524,1431,4386,407341,139530,546871,143850,43534,10,2023,7.896663095569267,1.6586625034048952
2023-11-01,2167584,1386008,42365,739211,396755,1452,4319,402526,142117,544643,145934,42503,11,2023,5.648222685611759,-0.5149614192006213
2023-12-01,2184918,1384220,39282,761416,406833,1327,4164,412324,133819,546143,148105,43858,12,2023,5.546300662487158,-4.758380160404241
2024-01-01,2230825,1397975,42835,790015,403208,1399,4561,409168,147086,556254,158735,54312,1,2024,9.331163432452993,13.335463726250275
2024-02-01,2157822,1347642,43868,766312,382132,1465,4231,387828,139515,527343,139467,44420,2,2024,11.522958363645586,12.72244014587216
2024-03-01,2370221,1462878,48922,858421,420025,1515,4614,426154,141302,567456,140195,42972,3,2024,6.646419503430812,9.43096127290044
2024-04-01,2240668,1372028,51495,817145,398116,1442,4376,403934,140179,544113,134344,42078,4,2024,10.936381819182706,10.158502291007053
2024-05-01,2416292,1472721,51246,892325,414156,1490,4558,420204,144489,564693,138770,42555,5,2024,6.760376983939431,7.5858924564955466
2024-06-01,2294065,1405658,49382,839025,396204,1406,4445,402055,134829,536884,128114,38106,6,2024,2.7090830133742028,3.070413878437872
2024-07-01,2324832,1425569,51499,847764,405655,1479,4648,411782,140686,552468,129330,36806,7,2024,3.326463206167407,5.684413990990955
2024-08-01,2160791,1320157,48387,792247,390554,1300,4661,396515,129118,525633,116489,28494,8,2024,0.3344270931757487,2.4139030959859475
2024-09-01,2214217,1364482,48534,801201,393406,1323,4677,399406,131418,530824,130632,38880,9,2024,1.8410369358514922,2.0354868053488184
2024-10-01,2360536,1453242,49717,857577,415893,1327,4828,422048,145400,567448,148788,49616,10,2024,3.762678949880316,6.123939001582501
2024-11-01,2314998,1428050,47263,839685,407955,1267,4887,414109,138052,552161,140782,45791,11,2024,1.3803537363006546,6.800843704327031
2024-12-01,2345934,1440311,44041,861582,411161,1239,4667,417067,135525,552592,154689,54207,12,2024,1.1808262671131997,7.369429882494449
2025-01-01,2218130,1359026,49486,809618,400481,1353,4394,406228,142547,548775,159582,61529,1,2025,-1.344529657314819,-0.5690719800970467
2025-02-01,2088071,1271336,45682,771053,362605,1252,3721,367578,128517,496095,131237,47623,2,2025,-5.925555094122803,-3.232472372605344
2025-03-01,2389064,1450686,51237,887141,404354,1366,4569,410289,140840,551129,133957,46766,3,2025,-2.8772274854790503,0.7949891592387459
2025-04-01,2297421,1388613,49738,859070,390648,1418,4226,396292,131938,528230,131856,44648,4,2025,-2.9190627682117554,2.5328607361733146
2025-05-01,2397529,1453480,50919,893130,403026,1440,5060,409526,135602,545128,130035,42891,5,2025,-3.4647144554651788,-0.7765203874366189
2025-06-01,2351581,1428563,51618,871400,395628,1389,4863,401880,134061,535941,118171,38683,6,2025,-0.17564315569098543,2.5071652285353796
2025-07-01,2408866,1469050,52989,886827,412893,1443,5115,419451,139941,559392,115542,35467,7,2025,1.2532852581506937,3.61462677733273
2025-08-01,2266937,1383870,49084,833983,394548,1261,5111,400920,125479,526399,115826,35909,8,2025,0.1457290543021461,4.912367739406531
2025-09-01,2310222,1417440,50733,842049,395054,1343,5349,401746,133834,535580,129004,44765,9,2025,0.8959655177610548,4.335844228456387
2025-10-01,2401266,1481222,54756,865288,406141,1364,5511,413016,140483,553499,142746,54326,10,2025,-2.4581988129308785,1.7254555744966371
2025-11-01,2347046,1450144,49725,847177,390459,1314,4971,396744,135003,531747,133799,50648,11,2025,-3.6971100820231806,1.3843640469667795
2025-12-01,2326139,1438207,47522,840410,399039,1312,5020,405371,136817,542188,137777,50789,12,2025,-1.8827634131511117,-0.8438003797208271
2026-01-01,2319296,1434757,50710,833829,395611,1399,4932,401942,144194,546136,161141,71517,1,2026,-0.4808892533369802,4.560868839968801
2026-02-01,2117450,1298005,48233,771212,355598,1281,5051,361930,131085,493015,132238,54649,2,2026,-0.6208488293572789,1.4069923867531253
2026-03-01,2432272,1478144,55393,898735,402356,1423,6226,410005,143887,553892,123870,46665,3,2026,0.501334533294373,1.808574404034391
2026-04-01,2345329,1430825,52714,861790,386257,1441,5107,392805,132855,525660,122616,47750,4,2026,-0.4865304886129129,2.0852947718332793
2026-05-01,2457398,1493345,52820,911233,395328,1417,5088,401833,131447,533280,128590,50212,5,2026,-2.1734344961183427,2.4971126522348674
2026-06-01,2437906,1488602,54890,894414,390733,1431,5790,397954,136799,534753,126819,49466,6,2026,-0.22166619086801953,3.6709345755047362
2026-07-01,2487580,1517141,57372,913067,400260,1598,6172,408030,139798,547828,124744,47438,7,2026,-2.0672444368171172,3.2676786504521216
2026-08-01,2342959,1436125,52882,853952,386024,1522,5323,392869,124999,517868,118550,44951,8,2026,-1.6206337777997293,3.353511809106302
