quarter_end,available_beds,occupied_beds,occupancy_pct,reporting_organisations
2015-06-30,104095.879123,92007.485714,88.38725076262017,217
2015-09-30,102271.097824,89036.200003,87.05900483851642,216
2015-12-31,101973.889134,90856.523909,89.09783149450043,216
2016-03-31,103422.736267,94364.285712,91.24133543361842,215
2016-06-30,103248.802201,93100.634067,90.1711517057176,216
2016-09-30,102060.586958,91029.79131,89.19191435520611,215
2016-12-31,101826.8587,92166.704345,90.51315686418206,214
2017-03-31,103621.822222,94719.777779,91.40910258851825,212
2017-06-30,102896.868132,91724.187917,89.14186561959566,211
2017-09-30,100944.923909,89830.453677,88.98956995398848,211
2017-12-31,101222.43479,91798.361958,90.68973903705087,210
2018-03-31,103334.722213,95672.822228,92.5853577375407,210
2018-06-30,101400.021977,91056.428575,89.7992197631415,209
2018-09-30,100453.695654,89268.10869,88.86493235397995,207
2018-12-31,100534.260864,90705.260871,90.22323344447085,207
2019-03-31,103021.488887,94460.411116,91.69000772218475,207
2019-06-30,101565.956042,91729.736265,90.3154362344283,205
2019-09-30,100370.489126,90377.108699,90.04350729580005,205
2019-12-31,101598.043477,93432.097825,91.96249713819674,201
2020-03-31,102194.395606,90309.906897,88.37070405032833,201
2020-06-30,92559.1978,58420.241758000004,63.11662497792305,195
2020-09-30,94785.72826,73320.728261,77.35418570597369,195
2020-12-31,95648.728259,79519.826089,83.13735847451545,194
2021-03-31,96297.633334,79888.033337,82.95949814250915,193
2021-06-30,97094.461538,82847.36264,85.3265586189753,193
2021-09-30,97954.380437,85835.706519,87.62824708406563,191
2021-12-31,100019.054345,88584.097827,88.5672219229779,191
2022-03-31,101975.488892,91107.622226,89.34266774880588,191
2022-06-30,103056.956042,92560.329676,89.81473277580389,191
2022-09-30,102305.478258,92184.032604,90.1066435284383,190
2022-12-31,103522.695653,95273.902176,92.0318984885698,189
2023-03-31,104543.05556000001,96499.777774,92.30625339682773,189
2023-06-30,103818.34065700001,94109.74725,90.64847950221461,188
2023-09-30,102922.097821,92370.815212,89.74828260171049,187
2023-12-31,104473.097827,95712.673911,91.61466052197798,187
2024-03-31,106474.83553,98491.746886,92.50237053265914,187
2024-06-30,105634.318686,96359.681317,91.22005283475247,187
2024-09-30,103656.22826086955,93664.40217391304,90.36061194334577,187
2024-12-31,106431.55434782614,96109.02173913045,90.30124790345455,185
2025-03-31,106068.13663003662,98145.94175824178,92.53103229348953,184
2025-06-30,104259.82417582416,95349.63736263735,91.45386357245276,183
2025-09-30,103119.97826086967,93755.59782608696,90.91894646147713,184
2025-12-31,103824.2391304348,94968.95652173918,91.4708909182848,184
2026-03-31,102422.61111111112,94736.90000000001,92.49607969594386,184
2026-06-30,103338.0659340659,93885.97802197804,90.85323706549849,183
