quarter_end,region_code,organisation_code,organisation_name,available_beds,occupied_beds,occupancy_pct
2026-06-30,Y60,RLQ,WYE VALLEY NHS TRUST,297.1208791208791,297.1208791208791,100.0
2026-06-30,Y56,RJ7,ST GEORGE'S UNIVERSITY HOSPITALS NHS FOUNDATION TRUST,826.0,823.4175824175824,99.6873586461964
2026-06-30,Y59,RXQ,BUCKINGHAMSHIRE HEALTHCARE NHS TRUST,510.0,506.967032967033,99.40530058177117
2026-06-30,Y56,RQM,CHELSEA AND WESTMINSTER HOSPITAL NHS FOUNDATION TRUST,784.3736263736264,773.8791208791209,98.6620527333352
2026-06-30,Y60,RKB,UNIVERSITY HOSPITALS COVENTRY AND WARWICKSHIRE NHS TRUST,1071.901098901099,1057.4505494505495,98.65187660826507
2026-06-30,Y62,RXN,LANCASHIRE TEACHING HOSPITALS NHS FOUNDATION TRUST,818.8021978021978,807.4285714285714,98.61094335064621
2026-06-30,Y58,RNZ,SALISBURY NHS FOUNDATION TRUST,437.8901098901099,431.0,98.42652077896004
2026-06-30,Y58,REF,ROYAL CORNWALL HOSPITALS NHS TRUST,664.9230769230769,653.7032967032967,98.31261981886693
2026-06-30,Y61,RCX,"THE QUEEN ELIZABETH HOSPITAL, KING'S LYNN, NHS FOUNDATION TRUST",465.13186813186815,456.72527472527474,98.19264299383372
2026-06-30,Y59,R1F,ISLE OF WIGHT NHS TRUST,279.4835164835165,274.3736263736264,98.17166673219833
2026-06-30,Y60,RLT,GEORGE ELIOT HOSPITAL NHS TRUST,398.1978021978022,390.3736263736264,98.03510321227509
2026-06-30,Y63,RCD,HARROGATE AND DISTRICT NHS FOUNDATION TRUST,292.0659340659341,285.65934065934067,97.80645646775528
2026-06-30,Y61,RM1,NORFOLK AND NORWICH UNIVERSITY HOSPITALS NHS FOUNDATION TRUST,920.6703296703297,898.010989010989,97.53882145116434
2026-06-30,Y63,RR7,GATESHEAD HEALTH NHS FOUNDATION TRUST,435.95604395604397,425.13186813186815,97.51714055253076
2026-06-30,Y58,RJ8,CORNWALL PARTNERSHIP NHS FOUNDATION TRUST,57.494505494505496,56.032967032967036,97.45795107033639
2026-06-30,Y60,RNQ,KETTERING GENERAL HOSPITAL NHS FOUNDATION TRUST,517.9120879120879,504.34065934065933,97.37958837258645
2026-06-30,Y62,RXL,BLACKPOOL TEACHING HOSPITALS NHS FOUNDATION TRUST,738.0,717.3076923076923,97.19616426933499
2026-06-30,Y56,RJ6,CROYDON HEALTH SERVICES NHS TRUST,397.9230769230769,386.6923076923077,97.17765319930407
2026-06-30,Y56,R1K,LONDON NORTH WEST UNIVERSITY HEALTHCARE NHS TRUST,1023.2087912087912,993.5494505494505,97.10134032133345
2026-06-30,Y62,RBN,MERSEY AND WEST LANCASHIRE TEACHING HOSPITALS NHS TRUST,1178.4065934065934,1143.098901098901,97.00377675199327
2026-06-30,Y56,RF4,"BARKING, HAVERING AND REDBRIDGE UNIVERSITY HOSPITALS NHS TRUST",880.7912087912088,853.054945054945,96.85098313204911
2026-06-30,Y58,RN3,GREAT WESTERN HOSPITALS NHS FOUNDATION TRUST,575.978021978022,556.8021978021978,96.67073682603886
2026-06-30,Y56,RAL,ROYAL FREE LONDON NHS FOUNDATION TRUST,1416.6813186813188,1369.2417582417581,96.65135977908437
2026-06-30,Y61,RC9,BEDFORDSHIRE HOSPITALS NHS FOUNDATION TRUST,1091.6923076923076,1055.043956043956,96.64297793525529
2026-06-30,Y62,RM3,NORTHERN CARE ALLIANCE NHS FOUNDATION TRUST,1540.4835164835165,1482.6263736263736,96.2442218798151
2026-06-30,Y58,RBD,DORSET COUNTY HOSPITAL NHS FOUNDATION TRUST,327.04395604395603,314.6043956043956,96.19636436947684
2026-06-30,Y60,RRK,UNIVERSITY HOSPITALS BIRMINGHAM NHS FOUNDATION TRUST,2713.846153846154,2610.263736263736,96.18318756073857
2026-06-30,Y59,RA2,ROYAL SURREY NHS FOUNDATION TRUST,476.0,457.74725274725273,96.16538923261612
2026-06-30,Y62,REM,LIVERPOOL UNIVERSITY HOSPITALS NHS FOUNDATION TRUST,1508.0549450549452,1443.065934065934,95.69054090488439
2026-06-30,Y61,RAJ,MID AND SOUTH ESSEX NHS FOUNDATION TRUST,1705.8131868131868,1631.857142857143,95.66446991219425
2026-06-30,Y58,RD1,ROYAL UNITED HOSPITALS BATH NHS FOUNDATION TRUST,512.4175824175824,490.010989010989,95.62727857602403
2026-06-30,Y60,RL4,THE ROYAL WOLVERHAMPTON NHS TRUST,803.7912087912088,765.8021978021978,95.27377127623214
2026-06-30,Y56,RYJ,IMPERIAL COLLEGE HEALTHCARE NHS TRUST,1039.3956043956043,989.4835164835165,95.19797007982238
2026-06-30,Y59,RYR,UNIVERSITY HOSPITALS SUSSEX NHS FOUNDATION TRUST,1833.0,1742.967032967033,95.08821783780867
2026-06-30,Y61,RQW,THE PRINCESS ALEXANDRA HOSPITAL NHS TRUST,451.0,427.68131868131866,94.82956068321921
2026-06-30,Y61,RDE,EAST SUFFOLK AND NORTH ESSEX NHS FOUNDATION TRUST,1228.2417582417581,1164.7142857142858,94.82777131609556
2026-06-30,Y62,RWW,NORTH CHESHIRE AND MERSEY NHS FOUNDATION TRUST,561.989010989011,532.7252747252747,94.79282767251324
2026-06-30,Y62,RXR,EAST LANCASHIRE HOSPITALS NHS TRUST,885.010989010989,838.5934065934066,94.75514055825965
2026-06-30,Y60,RJE,UNIVERSITY HOSPITALS OF NORTH MIDLANDS NHS TRUST,1321.4725274725274,1247.7472527472528,94.42097560164319
2026-06-30,Y63,RR8,LEEDS TEACHING HOSPITALS NHS TRUST,1738.2417582417581,1640.7252747252746,94.38993551650019
2026-06-30,Y56,RKE,WHITTINGTON HEALTH NHS TRUST,255.63736263736263,241.0,94.27416928169195
2026-06-30,Y59,RHU,PORTSMOUTH HOSPITALS UNIVERSITY NHS TRUST,1094.9120879120878,1030.2527472527472,94.09456326465069
2026-06-30,Y63,RCF,AIREDALE NHS FOUNDATION TRUST,358.5164835164835,336.97802197802196,93.99233716475095
2026-06-30,Y58,RA7,UNIVERSITY HOSPITALS BRISTOL AND WESTON NHS FOUNDATION TRUST,994.0879120879121,933.5714285714286,93.91236099135548
2026-06-30,Y58,RH8,ROYAL DEVON UNIVERSITY HEALTHCARE NHS FOUNDATION TRUST,1100.7692307692307,1031.7142857142858,93.72666467006091
2026-06-30,Y63,RP5,DONCASTER AND BASSETLAW TEACHING HOSPITALS NHS FOUNDATION TRUST,742.1318681318681,693.5714285714286,93.4566292534131
2026-06-30,Y62,RBT,MID CHESHIRE HOSPITALS NHS FOUNDATION TRUST,494.15384615384613,461.2857142857143,93.34860345134318
2026-06-30,Y63,RCB,YORK AND SCARBOROUGH TEACHING HOSPITALS NHS FOUNDATION TRUST,853.7362637362637,796.4395604395604,93.28871154588751
2026-06-30,Y59,RN7,DARTFORD AND GRAVESHAM NHS TRUST,543.9120879120879,507.1098901098901,93.23379667043801
2026-06-30,Y58,RVJ,NORTH BRISTOL NHS TRUST,1006.9010989010989,937.967032967033,93.15383943772646
2026-06-30,Y63,RXP,COUNTY DURHAM AND DARLINGTON NHS FOUNDATION TRUST,925.967032967033,861.1978021978022,93.00523361380439
2026-06-30,Y62,RJN,EAST CHESHIRE NHS TRUST,310.3736263736264,288.0769230769231,92.81617334655148
2026-06-30,Y62,RTX,UNIVERSITY HOSPITALS OF MORECAMBE BAY NHS FOUNDATION TRUST,567.5934065934066,526.8021978021978,92.81330467948347
2026-06-30,Y62,RMP,TAMESIDE AND GLOSSOP INTEGRATED CARE NHS FOUNDATION TRUST,443.85714285714283,411.7912087912088,92.77561833081629
2026-06-30,Y63,RAE,BRADFORD TEACHING HOSPITALS NHS FOUNDATION TRUST,613.7362637362637,568.4065934065934,92.61414503133393
2026-06-30,Y56,RAS,THE HILLINGDON HOSPITALS NHS FOUNDATION TRUST,397.989010989011,368.42857142857144,92.5725488030483
2026-06-30,Y59,RVV,EAST KENT HOSPITALS UNIVERSITY NHS FOUNDATION TRUST,1034.1758241758241,957.1318681318681,92.55020720433535
2026-06-30,Y59,RHW,ROYAL BERKSHIRE NHS FOUNDATION TRUST,627.1098901098901,580.2637362637363,92.52983335377715
2026-06-30,Y59,RW1,HAMPSHIRE AND ISLE OF WIGHT HEALTHCARE NHS FOUNDATION TRUST,183.5934065934066,169.78021978021977,92.47620757766205
2026-06-30,Y62,RWJ,STOCKPORT NHS FOUNDATION TRUST,614.5164835164835,567.5604395604396,92.35886339657732
2026-06-30,Y60,RK5,SHERWOOD FOREST HOSPITALS NHS FOUNDATION TRUST,687.3626373626373,634.6813186813187,92.3357314148681
2026-06-30,Y60,RRE,MIDLANDS PARTNERSHIP UNIVERSITY NHS FOUNDATION TRUST,165.0,152.25274725274724,92.27439227439227
2026-06-30,Y59,RTK,ASHFORD AND ST PETER'S HOSPITALS NHS FOUNDATION TRUST,470.74725274725273,433.5054945054945,92.08879966384985
2026-06-30,Y60,RXW,THE SHREWSBURY AND TELFORD HOSPITAL NHS TRUST,842.2197802197802,775.4615384615385,92.07353670311318
2026-06-30,Y60,RTG,UNIVERSITY HOSPITALS OF DERBY AND BURTON NHS FOUNDATION TRUST,1461.923076923077,1344.3076923076924,91.95474875032887
2026-06-30,Y60,RWE,UNIVERSITY HOSPITALS OF LEICESTER NHS TRUST,1745.4725274725274,1604.978021978022,91.9509185459399
2026-06-30,Y60,RXK,SANDWELL AND WEST BIRMINGHAM HOSPITALS NHS TRUST,557.7912087912088,512.8571428571429,91.94428574242993
2026-06-30,Y63,RHQ,SHEFFIELD TEACHING HOSPITALS NHS FOUNDATION TRUST,1346.4615384615386,1237.8131868131868,91.93082397492817
2026-06-30,Y59,RTP,SURREY AND SUSSEX HEALTHCARE NHS TRUST,629.5384615384615,577.934065934066,91.80282083507892
2026-06-30,Y56,RJZ,KING'S COLLEGE HOSPITAL NHS FOUNDATION TRUST,1354.3626373626373,1242.131868131868,91.713388561182
2026-06-30,Y58,RTE,GLOUCESTERSHIRE HOSPITALS NHS FOUNDATION TRUST,808.1208791208791,740.978021978022,91.69148343056067
2026-06-30,Y59,RDU,FRIMLEY HEALTH NHS FOUNDATION TRUST,1293.6153846153845,1184.7472527472528,91.58419626398458
2026-06-30,Y61,RY3,EAST OF ENGLAND COMMUNITY HEALTH AND CARE NHS TRUST,77.13186813186813,70.47252747252747,91.36629149451488
2026-06-30,Y62,RBV,THE CHRISTIE NHS FOUNDATION TRUST,186.41758241758242,169.95604395604394,91.16953548691345
2026-06-30,Y63,RWA,HULL UNIVERSITY TEACHING HOSPITALS NHS TRUST,1116.4395604395604,1016.4395604395604,91.04295444702548
2026-06-30,Y60,RNA,THE DUDLEY GROUP NHS FOUNDATION TRUST,647.6263736263736,589.021978021978,90.95089422065362
2026-06-30,Y60,RFS,CHESTERFIELD ROYAL HOSPITAL NHS FOUNDATION TRUST,530.010989010989,481.46153846153845,90.83991623644545
2026-06-30,Y56,RAT,NORTH EAST LONDON NHS FOUNDATION TRUST,154.98901098901098,140.57142857142858,90.69767441860466
2026-06-30,Y63,RXG,SOUTH WEST YORKSHIRE PARTNERSHIP NHS FOUNDATION TRUST,24.0,21.736263736263737,90.56776556776556
2026-06-30,Y62,REN,THE CLATTERBRIDGE CANCER CENTRE NHS FOUNDATION TRUST,95.0,86.03296703296704,90.56101792943899
2026-06-30,Y56,RV3,CENTRAL AND NORTH WEST LONDON NHS FOUNDATION TRUST,73.05494505494505,66.14285714285714,90.53850782190132
2026-06-30,Y59,RWX,BERKSHIRE HEALTHCARE NHS FOUNDATION TRUST,35.472527472527474,32.0989010989011,90.48946716232962
2026-06-30,Y60,RBK,WALSALL HEALTHCARE NHS TRUST,467.15384615384613,422.4945054945055,90.44012138034861
2026-06-30,Y63,RFR,THE ROTHERHAM NHS FOUNDATION TRUST,464.31868131868134,419.7802197802198,90.40778169597425
2026-06-30,Y63,RVW,NORTH TEES AND HARTLEPOOL NHS FOUNDATION TRUST,506.3956043956044,457.3736263736264,90.31943058026997
2026-06-30,Y58,R0D,UNIVERSITY HOSPITALS DORSET NHS FOUNDATION TRUST,1058.978021978022,955.6153846153846,90.23939730405637
2026-06-30,Y62,RBL,WIRRAL UNIVERSITY TEACHING HOSPITAL NHS FOUNDATION TRUST,788.9230769230769,711.1098901098901,90.13678404279028
2026-06-30,Y56,RJ2,LEWISHAM AND GREENWICH NHS TRUST,964.4725274725274,868.8351648351648,90.08397233584378
2026-06-30,Y59,RTH,OXFORD UNIVERSITY HOSPITALS NHS FOUNDATION TRUST,1020.2307692307693,918.5384615384615,90.03242102088517
2026-06-30,Y60,RX1,NOTTINGHAM UNIVERSITY HOSPITALS NHS TRUST,1656.043956043956,1486.5274725274726,89.7637690776377
2026-06-30,Y60,R1A,HEREFORDSHIRE AND WORCESTERSHIRE HEALTH AND CARE NHS TRUST,39.0,35.0,89.74358974358974
2026-06-30,Y58,RA9,TORBAY AND SOUTH DEVON NHS FOUNDATION TRUST,416.3736263736264,373.6373626373626,89.73607812087621
2026-06-30,Y56,RAX,KINGSTON AND RICHMOND NHS FOUNDATION TRUST,381.35164835164835,342.14285714285717,89.7184681439645
2026-06-30,Y60,RNS,NORTHAMPTON GENERAL HOSPITAL NHS TRUST,711.6813186813187,638.4395604395604,89.70862992758211
2026-06-30,Y63,RXE,ROTHERHAM DONCASTER AND SOUTH HUMBER NHS FOUNDATION TRUST,56.0,50.23076923076923,89.6978021978022
2026-06-30,Y61,RGN,NORTH WEST ANGLIA NHS FOUNDATION TRUST,971.2417582417582,871.054945054945,89.68466786599232
2026-06-30,Y61,RT1,CAMBRIDGESHIRE AND PETERBOROUGH NHS FOUNDATION TRUST,100.76923076923077,90.36263736263736,89.67284623773173
2026-06-30,Y60,RJC,SOUTH WARWICKSHIRE UNIVERSITY NHS FOUNDATION TRUST,443.9340659340659,397.46153846153845,89.53165998316749
2026-06-30,Y62,R0A,MANCHESTER UNIVERSITY NHS FOUNDATION TRUST,2040.2307692307693,1825.6153846153845,89.48082796063792
2026-06-30,Y61,RWH,EAST AND NORTH HERTFORDSHIRE TEACHING NHS TRUST,564.3406593406594,504.7362637362637,89.4382241261805
2026-06-30,Y63,RTF,NORTHUMBRIA HEALTHCARE NHS FOUNDATION TRUST,852.8461538461538,759.5054945054945,89.05539306008325
2026-06-30,Y63,RXF,MID YORKSHIRE TEACHING NHS TRUST,1075.010989010989,957.2637362637363,89.04687915278147
2026-06-30,Y61,RGT,CAMBRIDGE UNIVERSITY HOSPITALS NHS FOUNDATION TRUST,1076.2527472527472,955.1208791208791,88.74503517495585
2026-06-30,Y56,R1H,BARTS HEALTH NHS TRUST,1996.8021978021977,1767.4835164835165,88.51570368005987
2026-06-30,Y59,RN5,HAMPSHIRE HOSPITALS NHS FOUNDATION TRUST,858.8901098901099,759.8021978021978,88.46326078890466
2026-06-30,Y63,RTR,SOUTH TEES HOSPITALS NHS FOUNDATION TRUST,938.6153846153846,830.1428571428571,88.44334652398904
2026-06-30,Y63,RFF,BARNSLEY HOSPITAL NHS FOUNDATION TRUST,458.38461538461536,405.1868131868132,88.39450531009518
2026-06-30,Y58,RH5,SOMERSET NHS FOUNDATION TRUST,1128.098901098901,996.9230769230769,88.3719570998568
2026-06-30,Y62,RRF,"WRIGHTINGTON, WIGAN AND LEIGH TEACHING HOSPITALS NHS FOUNDATION TRUST",397.04395604395603,350.6263736263736,88.30920815919848
2026-06-30,Y59,RWF,MAIDSTONE AND TUNBRIDGE WELLS NHS TRUST,677.3736263736264,596.7032967032967,88.0907188397333
2026-06-30,Y60,RWP,WORCESTERSHIRE ACUTE HOSPITALS NHS TRUST,859.3296703296703,756.8791208791209,88.07785265796238
2026-06-30,Y59,RHM,UNIVERSITY HOSPITAL SOUTHAMPTON NHS FOUNDATION TRUST,1234.4065934065934,1079.5274725274726,87.45315184588404
2026-06-30,Y59,RXC,EAST SUSSEX HEALTHCARE NHS TRUST,708.8351648351648,618.9560439560439,87.32016619124396
2026-06-30,Y59,RNU,OXFORD HEALTH NHS FOUNDATION TRUST,124.21978021978022,107.95604395604396,86.90728945506015
2026-06-30,Y63,R0B,SOUTH TYNESIDE AND SUNDERLAND NHS FOUNDATION TRUST,1096.2087912087911,950.989010989011,86.75254373214376
2026-06-30,Y63,RNN,NORTH CUMBRIA INTEGRATED CARE NHS FOUNDATION TRUST,602.3186813186813,521.7032967032967,86.61582529054387
2026-06-30,Y63,RWY,CALDERDALE AND HUDDERSFIELD NHS FOUNDATION TRUST,757.8901098901099,655.1758241758242,86.44733789583576
2026-06-30,Y56,RPY,THE ROYAL MARSDEN NHS FOUNDATION TRUST,204.5054945054945,176.74725274725276,86.42665233745298
2026-06-30,Y62,RMC,BOLTON NHS FOUNDATION TRUST,555.934065934066,480.05494505494505,86.35105752124925
2026-06-30,Y61,RGR,WEST SUFFOLK NHS FOUNDATION TRUST,494.14285714285717,422.54945054945057,85.51159739364422
2026-06-30,Y58,RK9,UNIVERSITY HOSPITALS PLYMOUTH NHS TRUST,1023.7692307692307,875.021978021978,85.47062675096336
2026-06-30,Y60,RP1,NORTHAMPTONSHIRE HEALTHCARE NHS FOUNDATION TRUST,224.0,191.26373626373626,85.38559654631082
2026-06-30,Y56,RQX,HOMERTON HEALTHCARE NHS FOUNDATION TRUST,274.9010989010989,234.72527472527472,85.38535337384073
2026-06-30,Y61,RD8,MILTON KEYNES UNIVERSITY HOSPITAL NHS FOUNDATION TRUST,542.0,462.2857142857143,85.2925672113864
2026-06-30,Y62,RET,THE WALTON CENTRE NHS FOUNDATION TRUST,158.0,133.15384615384616,84.27458617332034
2026-06-30,Y56,RVR,EPSOM AND ST HELIER UNIVERSITY HOSPITALS NHS TRUST,689.4065934065934,580.2857142857143,84.17176740627391
2026-06-30,Y59,RPA,MEDWAY NHS FOUNDATION TRUST,578.5714285714286,484.54945054945057,83.74928774928776
2026-06-30,Y63,RX4,"CUMBRIA, NORTHUMBERLAND, TYNE AND WEAR NHS FOUNDATION TRUST",49.0,40.956043956043956,83.58376317559991
2026-06-30,Y62,RBQ,LIVERPOOL HEART AND CHEST HOSPITAL NHS FOUNDATION TRUST,176.0,145.01098901098902,82.39260739260739
2026-06-30,Y61,R1L,ESSEX PARTNERSHIP UNIVERSITY NHS FOUNDATION TRUST,81.0,66.35164835164835,81.91561524894857
2026-06-30,Y56,RJ1,GUY'S AND ST THOMAS' NHS FOUNDATION TRUST,1192.076923076923,975.8351648351648,81.86008351846901
2026-06-30,Y56,RWK,EAST LONDON NHS FOUNDATION TRUST,39.0,31.63736263736264,81.1214426599042
2026-06-30,Y56,RP4,GREAT ORMOND STREET HOSPITAL FOR CHILDREN NHS FOUNDATION TRUST,207.1098901098901,165.8131868131868,80.06048708017191
2026-06-30,Y63,RJL,NORTHERN LINCOLNSHIRE AND GOOLE NHS FOUNDATION TRUST,581.8681318681319,464.3076923076923,79.79603399433428
2026-06-30,Y63,RTD,THE NEWCASTLE UPON TYNE HOSPITALS NHS FOUNDATION TRUST,1480.8131868131868,1175.5824175824175,79.3876248571471
2026-06-30,Y60,RL1,THE ROBERT JONES AND AGNES HUNT ORTHOPAEDIC HOSPITAL NHS FOUNDATION TRUST,129.5934065934066,102.85714285714286,79.36911727295853
2026-06-30,Y60,RQ3,BIRMINGHAM WOMEN'S AND CHILDREN'S NHS FOUNDATION TRUST,262.75824175824175,206.03296703296704,78.41160971937602
2026-06-30,Y56,RKL,WEST LONDON NHS TRUST,72.0,56.42857142857143,78.37301587301587
2026-06-30,Y60,RHA,NOTTINGHAMSHIRE HEALTHCARE NHS FOUNDATION TRUST,12.0,9.384615384615385,78.2051282051282
2026-06-30,Y56,RRV,UNIVERSITY COLLEGE LONDON HOSPITALS NHS FOUNDATION TRUST,842.4835164835165,655.3736263736264,77.79067644066471
2026-06-30,Y60,RWD,UNITED LINCOLNSHIRE TEACHING HOSPITALS NHS TRUST,976.934065934066,757.7912087912088,77.56830631826413
2026-06-30,Y61,RWG,WEST HERTFORDSHIRE TEACHING HOSPITALS NHS TRUST,663.0,506.967032967033,76.46561583213168
2026-06-30,Y61,RGP,JAMES PAGET UNIVERSITY HOSPITALS NHS FOUNDATION TRUST,430.0,327.54945054945057,76.17429082545362
2026-06-30,Y62,RBS,ALDER HEY CHILDREN'S NHS FOUNDATION TRUST,198.0,148.6153846153846,75.05827505827506
2026-06-30,Y60,RRJ,THE ROYAL ORTHOPAEDIC HOSPITAL NHS FOUNDATION TRUST,103.01098901098901,76.36263736263736,74.13057392788564
2026-06-30,Y61,RGM,ROYAL PAPWORTH HOSPITAL NHS FOUNDATION TRUST,244.6813186813187,178.36263736263737,72.89589508667925
2026-06-30,Y60,RYW,BIRMINGHAM COMMUNITY HEALTHCARE NHS FOUNDATION TRUST,273.3076923076923,191.3186813186813,70.00120622411643
2026-06-30,Y63,RCU,SHEFFIELD CHILDREN'S NHS FOUNDATION TRUST,133.0,86.48351648351648,65.02520036354623
2026-06-30,Y56,RAN,ROYAL NATIONAL ORTHOPAEDIC HOSPITAL NHS TRUST,177.0,111.42857142857143,62.95399515738499
2026-06-30,Y62,REP,LIVERPOOL WOMEN'S NHS FOUNDATION TRUST,22.285714285714285,13.307692307692308,59.71400394477319
2026-06-30,Y59,RPC,QUEEN VICTORIA HOSPITAL NHS FOUNDATION TRUST,50.84615384615385,27.395604395604394,53.879403501188676
2026-06-30,Y56,RP6,MOORFIELDS EYE HOSPITAL NHS FOUNDATION TRUST,10.0,3.3516483516483517,33.51648351648352
2026-06-30,Y62,RJR,COUNTESS OF CHESTER HOSPITAL NHS FOUNDATION TRUST,498.2637362637363,0.0,0.0
